species,location,soil,moisture,minimum_temperature_C,maximum_temperature_C,day_of_treatment,seedling_emergence_perc,source
typha latifolia,Oostvaardersplassen,clay,very wet,3,10,0,0,"ter Heerdt, Gerard & Veen, Ciska & Putten, Wim & Bakker, Jan. (2016). Effects of temperature, moisture and soil type on seedling emergence and mortality of riparian plant species. Aquatic Botany. 136. 10.1016/j.aquabot.2016.09.008."
typha latifolia,Oostvaardersplassen,clay,very wet,3,10,2,0,"ter Heerdt, Gerard & Veen, Ciska & Putten, Wim & Bakker, Jan. (2016). Effects of temperature, moisture and soil type on seedling emergence and mortality of riparian plant species. Aquatic Botany. 136. 10.1016/j.aquabot.2016.09.008."
typha latifolia,Oostvaardersplassen,clay,very wet,3,10,3,0,"ter Heerdt, Gerard & Veen, Ciska & Putten, Wim & Bakker, Jan. (2016). Effects of temperature, moisture and soil type on seedling emergence and mortality of riparian plant species. Aquatic Botany. 136. 10.1016/j.aquabot.2016.09.008."
typha latifolia,Oostvaardersplassen,clay,very wet,3,10,4,0,"ter Heerdt, Gerard & Veen, Ciska & Putten, Wim & Bakker, Jan. (2016). Effects of temperature, moisture and soil type on seedling emergence and mortality of riparian plant species. Aquatic Botany. 136. 10.1016/j.aquabot.2016.09.008."
typha latifolia,Oostvaardersplassen,clay,very wet,3,10,5,1,"ter Heerdt, Gerard & Veen, Ciska & Putten, Wim & Bakker, Jan. (2016). Effects of temperature, moisture and soil type on seedling emergence and mortality of riparian plant species. Aquatic Botany. 136. 10.1016/j.aquabot.2016.09.008."
typha latifolia,Oostvaardersplassen,clay,very wet,3,10,6,1,"ter Heerdt, Gerard & Veen, Ciska & Putten, Wim & Bakker, Jan. (2016). Effects of temperature, moisture and soil type on seedling emergence and mortality of riparian plant species. Aquatic Botany. 136. 10.1016/j.aquabot.2016.09.008."
typha latifolia,Oostvaardersplassen,clay,very wet,3,10,7,1,"ter Heerdt, Gerard & Veen, Ciska & Putten, Wim & Bakker, Jan. (2016). Effects of temperature, moisture and soil type on seedling emergence and mortality of riparian plant species. Aquatic Botany. 136. 10.1016/j.aquabot.2016.09.008."
typha latifolia,Oostvaardersplassen,clay,very wet,3,10,8,1,"ter Heerdt, Gerard & Veen, Ciska & Putten, Wim & Bakker, Jan. (2016). Effects of temperature, moisture and soil type on seedling emergence and mortality of riparian plant species. Aquatic Botany. 136. 10.1016/j.aquabot.2016.09.008."
typha latifolia,Oostvaardersplassen,clay,very wet,3,10,9,1,"ter Heerdt, Gerard & Veen, Ciska & Putten, Wim & Bakker, Jan. (2016). Effects of temperature, moisture and soil type on seedling emergence and mortality of riparian plant species. Aquatic Botany. 136. 10.1016/j.aquabot.2016.09.008."
typha latifolia,Oostvaardersplassen,clay,very wet,3,10,10,1,"ter Heerdt, Gerard & Veen, Ciska & Putten, Wim & Bakker, Jan. (2016). Effects of temperature, moisture and soil type on seedling emergence and mortality of riparian plant species. Aquatic Botany. 136. 10.1016/j.aquabot.2016.09.008."
typha latifolia,Oostvaardersplassen,clay,very wet,3,10,13,1,"ter Heerdt, Gerard & Veen, Ciska & Putten, Wim & Bakker, Jan. (2016). Effects of temperature, moisture and soil type on seedling emergence and mortality of riparian plant species. Aquatic Botany. 136. 10.1016/j.aquabot.2016.09.008."
typha latifolia,Oostvaardersplassen,clay,very wet,3,10,14,1,"ter Heerdt, Gerard & Veen, Ciska & Putten, Wim & Bakker, Jan. (2016). Effects of temperature, moisture and soil type on seedling emergence and mortality of riparian plant species. Aquatic Botany. 136. 10.1016/j.aquabot.2016.09.008."
typha latifolia,Oostvaardersplassen,clay,very wet,3,10,16,1,"ter Heerdt, Gerard & Veen, Ciska & Putten, Wim & Bakker, Jan. (2016). Effects of temperature, moisture and soil type on seedling emergence and mortality of riparian plant species. Aquatic Botany. 136. 10.1016/j.aquabot.2016.09.008."
typha latifolia,Oostvaardersplassen,clay,very wet,3,10,17,1,"ter Heerdt, Gerard & Veen, Ciska & Putten, Wim & Bakker, Jan. (2016). Effects of temperature, moisture and soil type on seedling emergence and mortality of riparian plant species. Aquatic Botany. 136. 10.1016/j.aquabot.2016.09.008."
typha latifolia,Oostvaardersplassen,clay,very wet,3,10,20,1,"ter Heerdt, Gerard & Veen, Ciska & Putten, Wim & Bakker, Jan. (2016). Effects of temperature, moisture and soil type on seedling emergence and mortality of riparian plant species. Aquatic Botany. 136. 10.1016/j.aquabot.2016.09.008."
typha latifolia,Oostvaardersplassen,clay,very wet,3,10,21,1,"ter Heerdt, Gerard & Veen, Ciska & Putten, Wim & Bakker, Jan. (2016). Effects of temperature, moisture and soil type on seedling emergence and mortality of riparian plant species. Aquatic Botany. 136. 10.1016/j.aquabot.2016.09.008."
typha latifolia,Oostvaardersplassen,clay,very wet,3,10,23,2,"ter Heerdt, Gerard & Veen, Ciska & Putten, Wim & Bakker, Jan. (2016). Effects of temperature, moisture and soil type on seedling emergence and mortality of riparian plant species. Aquatic Botany. 136. 10.1016/j.aquabot.2016.09.008."
typha latifolia,Oostvaardersplassen,clay,very wet,3,10,28,2,"ter Heerdt, Gerard & Veen, Ciska & Putten, Wim & Bakker, Jan. (2016). Effects of temperature, moisture and soil type on seedling emergence and mortality of riparian plant species. Aquatic Botany. 136. 10.1016/j.aquabot.2016.09.008."
typha latifolia,Oostvaardersplassen,clay,very wet,3,10,31,3,"ter Heerdt, Gerard & Veen, Ciska & Putten, Wim & Bakker, Jan. (2016). Effects of temperature, moisture and soil type on seedling emergence and mortality of riparian plant species. Aquatic Botany. 136. 10.1016/j.aquabot.2016.09.008."
typha latifolia,Oostvaardersplassen,clay,very wet,5,15,0,0,"ter Heerdt, Gerard & Veen, Ciska & Putten, Wim & Bakker, Jan. (2016). Effects of temperature, moisture and soil type on seedling emergence and mortality of riparian plant species. Aquatic Botany. 136. 10.1016/j.aquabot.2016.09.008."
typha latifolia,Oostvaardersplassen,clay,very wet,5,15,2,0,"ter Heerdt, Gerard & Veen, Ciska & Putten, Wim & Bakker, Jan. (2016). Effects of temperature, moisture and soil type on seedling emergence and mortality of riparian plant species. Aquatic Botany. 136. 10.1016/j.aquabot.2016.09.008."
typha latifolia,Oostvaardersplassen,clay,very wet,5,15,3,0,"ter Heerdt, Gerard & Veen, Ciska & Putten, Wim & Bakker, Jan. (2016). Effects of temperature, moisture and soil type on seedling emergence and mortality of riparian plant species. Aquatic Botany. 136. 10.1016/j.aquabot.2016.09.008."
typha latifolia,Oostvaardersplassen,clay,very wet,5,15,4,1,"ter Heerdt, Gerard & Veen, Ciska & Putten, Wim & Bakker, Jan. (2016). Effects of temperature, moisture and soil type on seedling emergence and mortality of riparian plant species. Aquatic Botany. 136. 10.1016/j.aquabot.2016.09.008."
typha latifolia,Oostvaardersplassen,clay,very wet,5,15,5,2,"ter Heerdt, Gerard & Veen, Ciska & Putten, Wim & Bakker, Jan. (2016). Effects of temperature, moisture and soil type on seedling emergence and mortality of riparian plant species. Aquatic Botany. 136. 10.1016/j.aquabot.2016.09.008."
typha latifolia,Oostvaardersplassen,clay,very wet,5,15,6,4,"ter Heerdt, Gerard & Veen, Ciska & Putten, Wim & Bakker, Jan. (2016). Effects of temperature, moisture and soil type on seedling emergence and mortality of riparian plant species. Aquatic Botany. 136. 10.1016/j.aquabot.2016.09.008."
typha latifolia,Oostvaardersplassen,clay,very wet,5,15,7,5,"ter Heerdt, Gerard & Veen, Ciska & Putten, Wim & Bakker, Jan. (2016). Effects of temperature, moisture and soil type on seedling emergence and mortality of riparian plant species. Aquatic Botany. 136. 10.1016/j.aquabot.2016.09.008."
typha latifolia,Oostvaardersplassen,clay,very wet,5,15,8,6,"ter Heerdt, Gerard & Veen, Ciska & Putten, Wim & Bakker, Jan. (2016). Effects of temperature, moisture and soil type on seedling emergence and mortality of riparian plant species. Aquatic Botany. 136. 10.1016/j.aquabot.2016.09.008."
typha latifolia,Oostvaardersplassen,clay,very wet,5,15,9,6,"ter Heerdt, Gerard & Veen, Ciska & Putten, Wim & Bakker, Jan. (2016). Effects of temperature, moisture and soil type on seedling emergence and mortality of riparian plant species. Aquatic Botany. 136. 10.1016/j.aquabot.2016.09.008."
typha latifolia,Oostvaardersplassen,clay,very wet,5,15,10,6,"ter Heerdt, Gerard & Veen, Ciska & Putten, Wim & Bakker, Jan. (2016). Effects of temperature, moisture and soil type on seedling emergence and mortality of riparian plant species. Aquatic Botany. 136. 10.1016/j.aquabot.2016.09.008."
typha latifolia,Oostvaardersplassen,clay,very wet,5,15,13,6,"ter Heerdt, Gerard & Veen, Ciska & Putten, Wim & Bakker, Jan. (2016). Effects of temperature, moisture and soil type on seedling emergence and mortality of riparian plant species. Aquatic Botany. 136. 10.1016/j.aquabot.2016.09.008."
typha latifolia,Oostvaardersplassen,clay,very wet,5,15,14,6,"ter Heerdt, Gerard & Veen, Ciska & Putten, Wim & Bakker, Jan. (2016). Effects of temperature, moisture and soil type on seedling emergence and mortality of riparian plant species. Aquatic Botany. 136. 10.1016/j.aquabot.2016.09.008."
typha latifolia,Oostvaardersplassen,clay,very wet,5,15,16,6,"ter Heerdt, Gerard & Veen, Ciska & Putten, Wim & Bakker, Jan. (2016). Effects of temperature, moisture and soil type on seedling emergence and mortality of riparian plant species. Aquatic Botany. 136. 10.1016/j.aquabot.2016.09.008."
typha latifolia,Oostvaardersplassen,clay,very wet,5,15,17,6,"ter Heerdt, Gerard & Veen, Ciska & Putten, Wim & Bakker, Jan. (2016). Effects of temperature, moisture and soil type on seedling emergence and mortality of riparian plant species. Aquatic Botany. 136. 10.1016/j.aquabot.2016.09.008."
typha latifolia,Oostvaardersplassen,clay,very wet,5,15,20,6,"ter Heerdt, Gerard & Veen, Ciska & Putten, Wim & Bakker, Jan. (2016). Effects of temperature, moisture and soil type on seedling emergence and mortality of riparian plant species. Aquatic Botany. 136. 10.1016/j.aquabot.2016.09.008."
typha latifolia,Oostvaardersplassen,clay,very wet,5,15,21,6,"ter Heerdt, Gerard & Veen, Ciska & Putten, Wim & Bakker, Jan. (2016). Effects of temperature, moisture and soil type on seedling emergence and mortality of riparian plant species. Aquatic Botany. 136. 10.1016/j.aquabot.2016.09.008."
typha latifolia,Oostvaardersplassen,clay,very wet,5,15,23,6,"ter Heerdt, Gerard & Veen, Ciska & Putten, Wim & Bakker, Jan. (2016). Effects of temperature, moisture and soil type on seedling emergence and mortality of riparian plant species. Aquatic Botany. 136. 10.1016/j.aquabot.2016.09.008."
typha latifolia,Oostvaardersplassen,clay,very wet,5,15,28,6,"ter Heerdt, Gerard & Veen, Ciska & Putten, Wim & Bakker, Jan. (2016). Effects of temperature, moisture and soil type on seedling emergence and mortality of riparian plant species. Aquatic Botany. 136. 10.1016/j.aquabot.2016.09.008."
typha latifolia,Oostvaardersplassen,clay,very wet,5,15,31,6,"ter Heerdt, Gerard & Veen, Ciska & Putten, Wim & Bakker, Jan. (2016). Effects of temperature, moisture and soil type on seedling emergence and mortality of riparian plant species. Aquatic Botany. 136. 10.1016/j.aquabot.2016.09.008."
typha latifolia,Oostvaardersplassen,clay,very wet,10,20,0,0,"ter Heerdt, Gerard & Veen, Ciska & Putten, Wim & Bakker, Jan. (2016). Effects of temperature, moisture and soil type on seedling emergence and mortality of riparian plant species. Aquatic Botany. 136. 10.1016/j.aquabot.2016.09.008."
typha latifolia,Oostvaardersplassen,clay,very wet,10,20,2,0,"ter Heerdt, Gerard & Veen, Ciska & Putten, Wim & Bakker, Jan. (2016). Effects of temperature, moisture and soil type on seedling emergence and mortality of riparian plant species. Aquatic Botany. 136. 10.1016/j.aquabot.2016.09.008."
typha latifolia,Oostvaardersplassen,clay,very wet,10,20,3,0,"ter Heerdt, Gerard & Veen, Ciska & Putten, Wim & Bakker, Jan. (2016). Effects of temperature, moisture and soil type on seedling emergence and mortality of riparian plant species. Aquatic Botany. 136. 10.1016/j.aquabot.2016.09.008."
typha latifolia,Oostvaardersplassen,clay,very wet,10,20,4,0,"ter Heerdt, Gerard & Veen, Ciska & Putten, Wim & Bakker, Jan. (2016). Effects of temperature, moisture and soil type on seedling emergence and mortality of riparian plant species. Aquatic Botany. 136. 10.1016/j.aquabot.2016.09.008."
typha latifolia,Oostvaardersplassen,clay,very wet,10,20,5,17,"ter Heerdt, Gerard & Veen, Ciska & Putten, Wim & Bakker, Jan. (2016). Effects of temperature, moisture and soil type on seedling emergence and mortality of riparian plant species. Aquatic Botany. 136. 10.1016/j.aquabot.2016.09.008."
typha latifolia,Oostvaardersplassen,clay,very wet,10,20,6,21,"ter Heerdt, Gerard & Veen, Ciska & Putten, Wim & Bakker, Jan. (2016). Effects of temperature, moisture and soil type on seedling emergence and mortality of riparian plant species. Aquatic Botany. 136. 10.1016/j.aquabot.2016.09.008."
typha latifolia,Oostvaardersplassen,clay,very wet,10,20,7,38,"ter Heerdt, Gerard & Veen, Ciska & Putten, Wim & Bakker, Jan. (2016). Effects of temperature, moisture and soil type on seedling emergence and mortality of riparian plant species. Aquatic Botany. 136. 10.1016/j.aquabot.2016.09.008."
typha latifolia,Oostvaardersplassen,clay,very wet,10,20,8,40,"ter Heerdt, Gerard & Veen, Ciska & Putten, Wim & Bakker, Jan. (2016). Effects of temperature, moisture and soil type on seedling emergence and mortality of riparian plant species. Aquatic Botany. 136. 10.1016/j.aquabot.2016.09.008."
typha latifolia,Oostvaardersplassen,clay,very wet,10,20,9,41,"ter Heerdt, Gerard & Veen, Ciska & Putten, Wim & Bakker, Jan. (2016). Effects of temperature, moisture and soil type on seedling emergence and mortality of riparian plant species. Aquatic Botany. 136. 10.1016/j.aquabot.2016.09.008."
typha latifolia,Oostvaardersplassen,clay,very wet,10,20,10,42,"ter Heerdt, Gerard & Veen, Ciska & Putten, Wim & Bakker, Jan. (2016). Effects of temperature, moisture and soil type on seedling emergence and mortality of riparian plant species. Aquatic Botany. 136. 10.1016/j.aquabot.2016.09.008."
typha latifolia,Oostvaardersplassen,clay,very wet,10,20,13,42,"ter Heerdt, Gerard & Veen, Ciska & Putten, Wim & Bakker, Jan. (2016). Effects of temperature, moisture and soil type on seedling emergence and mortality of riparian plant species. Aquatic Botany. 136. 10.1016/j.aquabot.2016.09.008."
typha latifolia,Oostvaardersplassen,clay,very wet,10,20,14,42,"ter Heerdt, Gerard & Veen, Ciska & Putten, Wim & Bakker, Jan. (2016). Effects of temperature, moisture and soil type on seedling emergence and mortality of riparian plant species. Aquatic Botany. 136. 10.1016/j.aquabot.2016.09.008."
typha latifolia,Oostvaardersplassen,clay,very wet,10,20,16,42,"ter Heerdt, Gerard & Veen, Ciska & Putten, Wim & Bakker, Jan. (2016). Effects of temperature, moisture and soil type on seedling emergence and mortality of riparian plant species. Aquatic Botany. 136. 10.1016/j.aquabot.2016.09.008."
typha latifolia,Oostvaardersplassen,clay,very wet,10,20,17,42,"ter Heerdt, Gerard & Veen, Ciska & Putten, Wim & Bakker, Jan. (2016). Effects of temperature, moisture and soil type on seedling emergence and mortality of riparian plant species. Aquatic Botany. 136. 10.1016/j.aquabot.2016.09.008."
typha latifolia,Oostvaardersplassen,clay,very wet,10,20,20,42,"ter Heerdt, Gerard & Veen, Ciska & Putten, Wim & Bakker, Jan. (2016). Effects of temperature, moisture and soil type on seedling emergence and mortality of riparian plant species. Aquatic Botany. 136. 10.1016/j.aquabot.2016.09.008."
typha latifolia,Oostvaardersplassen,clay,very wet,10,20,21,42,"ter Heerdt, Gerard & Veen, Ciska & Putten, Wim & Bakker, Jan. (2016). Effects of temperature, moisture and soil type on seedling emergence and mortality of riparian plant species. Aquatic Botany. 136. 10.1016/j.aquabot.2016.09.008."
typha latifolia,Oostvaardersplassen,clay,very wet,10,20,23,42,"ter Heerdt, Gerard & Veen, Ciska & Putten, Wim & Bakker, Jan. (2016). Effects of temperature, moisture and soil type on seedling emergence and mortality of riparian plant species. Aquatic Botany. 136. 10.1016/j.aquabot.2016.09.008."
typha latifolia,Oostvaardersplassen,clay,very wet,10,20,28,42,"ter Heerdt, Gerard & Veen, Ciska & Putten, Wim & Bakker, Jan. (2016). Effects of temperature, moisture and soil type on seedling emergence and mortality of riparian plant species. Aquatic Botany. 136. 10.1016/j.aquabot.2016.09.008."
typha latifolia,Oostvaardersplassen,clay,very wet,10,20,31,42,"ter Heerdt, Gerard & Veen, Ciska & Putten, Wim & Bakker, Jan. (2016). Effects of temperature, moisture and soil type on seedling emergence and mortality of riparian plant species. Aquatic Botany. 136. 10.1016/j.aquabot.2016.09.008."
typha latifolia,Oostvaardersplassen,clay,very wet,15,25,0,0,"ter Heerdt, Gerard & Veen, Ciska & Putten, Wim & Bakker, Jan. (2016). Effects of temperature, moisture and soil type on seedling emergence and mortality of riparian plant species. Aquatic Botany. 136. 10.1016/j.aquabot.2016.09.008."
typha latifolia,Oostvaardersplassen,clay,very wet,15,25,2,0,"ter Heerdt, Gerard & Veen, Ciska & Putten, Wim & Bakker, Jan. (2016). Effects of temperature, moisture and soil type on seedling emergence and mortality of riparian plant species. Aquatic Botany. 136. 10.1016/j.aquabot.2016.09.008."
typha latifolia,Oostvaardersplassen,clay,very wet,15,25,3,0,"ter Heerdt, Gerard & Veen, Ciska & Putten, Wim & Bakker, Jan. (2016). Effects of temperature, moisture and soil type on seedling emergence and mortality of riparian plant species. Aquatic Botany. 136. 10.1016/j.aquabot.2016.09.008."
typha latifolia,Oostvaardersplassen,clay,very wet,15,25,4,18,"ter Heerdt, Gerard & Veen, Ciska & Putten, Wim & Bakker, Jan. (2016). Effects of temperature, moisture and soil type on seedling emergence and mortality of riparian plant species. Aquatic Botany. 136. 10.1016/j.aquabot.2016.09.008."
typha latifolia,Oostvaardersplassen,clay,very wet,15,25,5,25,"ter Heerdt, Gerard & Veen, Ciska & Putten, Wim & Bakker, Jan. (2016). Effects of temperature, moisture and soil type on seedling emergence and mortality of riparian plant species. Aquatic Botany. 136. 10.1016/j.aquabot.2016.09.008."
typha latifolia,Oostvaardersplassen,clay,very wet,15,25,6,30,"ter Heerdt, Gerard & Veen, Ciska & Putten, Wim & Bakker, Jan. (2016). Effects of temperature, moisture and soil type on seedling emergence and mortality of riparian plant species. Aquatic Botany. 136. 10.1016/j.aquabot.2016.09.008."
typha latifolia,Oostvaardersplassen,clay,very wet,15,25,7,30,"ter Heerdt, Gerard & Veen, Ciska & Putten, Wim & Bakker, Jan. (2016). Effects of temperature, moisture and soil type on seedling emergence and mortality of riparian plant species. Aquatic Botany. 136. 10.1016/j.aquabot.2016.09.008."
typha latifolia,Oostvaardersplassen,clay,very wet,15,25,8,30,"ter Heerdt, Gerard & Veen, Ciska & Putten, Wim & Bakker, Jan. (2016). Effects of temperature, moisture and soil type on seedling emergence and mortality of riparian plant species. Aquatic Botany. 136. 10.1016/j.aquabot.2016.09.008."
typha latifolia,Oostvaardersplassen,clay,very wet,15,25,9,31,"ter Heerdt, Gerard & Veen, Ciska & Putten, Wim & Bakker, Jan. (2016). Effects of temperature, moisture and soil type on seedling emergence and mortality of riparian plant species. Aquatic Botany. 136. 10.1016/j.aquabot.2016.09.008."
typha latifolia,Oostvaardersplassen,clay,very wet,15,25,10,31,"ter Heerdt, Gerard & Veen, Ciska & Putten, Wim & Bakker, Jan. (2016). Effects of temperature, moisture and soil type on seedling emergence and mortality of riparian plant species. Aquatic Botany. 136. 10.1016/j.aquabot.2016.09.008."
typha latifolia,Oostvaardersplassen,clay,very wet,15,25,13,38,"ter Heerdt, Gerard & Veen, Ciska & Putten, Wim & Bakker, Jan. (2016). Effects of temperature, moisture and soil type on seedling emergence and mortality of riparian plant species. Aquatic Botany. 136. 10.1016/j.aquabot.2016.09.008."
typha latifolia,Oostvaardersplassen,clay,very wet,15,25,14,38,"ter Heerdt, Gerard & Veen, Ciska & Putten, Wim & Bakker, Jan. (2016). Effects of temperature, moisture and soil type on seedling emergence and mortality of riparian plant species. Aquatic Botany. 136. 10.1016/j.aquabot.2016.09.008."
typha latifolia,Oostvaardersplassen,clay,very wet,15,25,16,38,"ter Heerdt, Gerard & Veen, Ciska & Putten, Wim & Bakker, Jan. (2016). Effects of temperature, moisture and soil type on seedling emergence and mortality of riparian plant species. Aquatic Botany. 136. 10.1016/j.aquabot.2016.09.008."
typha latifolia,Oostvaardersplassen,clay,very wet,15,25,17,38,"ter Heerdt, Gerard & Veen, Ciska & Putten, Wim & Bakker, Jan. (2016). Effects of temperature, moisture and soil type on seedling emergence and mortality of riparian plant species. Aquatic Botany. 136. 10.1016/j.aquabot.2016.09.008."
typha latifolia,Oostvaardersplassen,clay,very wet,15,25,20,38,"ter Heerdt, Gerard & Veen, Ciska & Putten, Wim & Bakker, Jan. (2016). Effects of temperature, moisture and soil type on seedling emergence and mortality of riparian plant species. Aquatic Botany. 136. 10.1016/j.aquabot.2016.09.008."
typha latifolia,Oostvaardersplassen,clay,very wet,15,25,21,38,"ter Heerdt, Gerard & Veen, Ciska & Putten, Wim & Bakker, Jan. (2016). Effects of temperature, moisture and soil type on seedling emergence and mortality of riparian plant species. Aquatic Botany. 136. 10.1016/j.aquabot.2016.09.008."
typha latifolia,Oostvaardersplassen,clay,very wet,15,25,23,38,"ter Heerdt, Gerard & Veen, Ciska & Putten, Wim & Bakker, Jan. (2016). Effects of temperature, moisture and soil type on seedling emergence and mortality of riparian plant species. Aquatic Botany. 136. 10.1016/j.aquabot.2016.09.008."
typha latifolia,Oostvaardersplassen,clay,very wet,15,25,28,38,"ter Heerdt, Gerard & Veen, Ciska & Putten, Wim & Bakker, Jan. (2016). Effects of temperature, moisture and soil type on seedling emergence and mortality of riparian plant species. Aquatic Botany. 136. 10.1016/j.aquabot.2016.09.008."
typha latifolia,Oostvaardersplassen,clay,very wet,15,25,31,38,"ter Heerdt, Gerard & Veen, Ciska & Putten, Wim & Bakker, Jan. (2016). Effects of temperature, moisture and soil type on seedling emergence and mortality of riparian plant species. Aquatic Botany. 136. 10.1016/j.aquabot.2016.09.008."
typha latifolia,Oostvaardersplassen,clay,very wet,20,30,0,0,"ter Heerdt, Gerard & Veen, Ciska & Putten, Wim & Bakker, Jan. (2016). Effects of temperature, moisture and soil type on seedling emergence and mortality of riparian plant species. Aquatic Botany. 136. 10.1016/j.aquabot.2016.09.008."
typha latifolia,Oostvaardersplassen,clay,very wet,20,30,2,9,"ter Heerdt, Gerard & Veen, Ciska & Putten, Wim & Bakker, Jan. (2016). Effects of temperature, moisture and soil type on seedling emergence and mortality of riparian plant species. Aquatic Botany. 136. 10.1016/j.aquabot.2016.09.008."
typha latifolia,Oostvaardersplassen,clay,very wet,20,30,3,18,"ter Heerdt, Gerard & Veen, Ciska & Putten, Wim & Bakker, Jan. (2016). Effects of temperature, moisture and soil type on seedling emergence and mortality of riparian plant species. Aquatic Botany. 136. 10.1016/j.aquabot.2016.09.008."
typha latifolia,Oostvaardersplassen,clay,very wet,20,30,4,40,"ter Heerdt, Gerard & Veen, Ciska & Putten, Wim & Bakker, Jan. (2016). Effects of temperature, moisture and soil type on seedling emergence and mortality of riparian plant species. Aquatic Botany. 136. 10.1016/j.aquabot.2016.09.008."
typha latifolia,Oostvaardersplassen,clay,very wet,20,30,5,40,"ter Heerdt, Gerard & Veen, Ciska & Putten, Wim & Bakker, Jan. (2016). Effects of temperature, moisture and soil type on seedling emergence and mortality of riparian plant species. Aquatic Botany. 136. 10.1016/j.aquabot.2016.09.008."
typha latifolia,Oostvaardersplassen,clay,very wet,20,30,6,40,"ter Heerdt, Gerard & Veen, Ciska & Putten, Wim & Bakker, Jan. (2016). Effects of temperature, moisture and soil type on seedling emergence and mortality of riparian plant species. Aquatic Botany. 136. 10.1016/j.aquabot.2016.09.008."
typha latifolia,Oostvaardersplassen,clay,very wet,20,30,7,40,"ter Heerdt, Gerard & Veen, Ciska & Putten, Wim & Bakker, Jan. (2016). Effects of temperature, moisture and soil type on seedling emergence and mortality of riparian plant species. Aquatic Botany. 136. 10.1016/j.aquabot.2016.09.008."
typha latifolia,Oostvaardersplassen,clay,very wet,20,30,8,40,"ter Heerdt, Gerard & Veen, Ciska & Putten, Wim & Bakker, Jan. (2016). Effects of temperature, moisture and soil type on seedling emergence and mortality of riparian plant species. Aquatic Botany. 136. 10.1016/j.aquabot.2016.09.008."
typha latifolia,Oostvaardersplassen,clay,very wet,20,30,9,40,"ter Heerdt, Gerard & Veen, Ciska & Putten, Wim & Bakker, Jan. (2016). Effects of temperature, moisture and soil type on seedling emergence and mortality of riparian plant species. Aquatic Botany. 136. 10.1016/j.aquabot.2016.09.008."
typha latifolia,Oostvaardersplassen,clay,very wet,20,30,10,40,"ter Heerdt, Gerard & Veen, Ciska & Putten, Wim & Bakker, Jan. (2016). Effects of temperature, moisture and soil type on seedling emergence and mortality of riparian plant species. Aquatic Botany. 136. 10.1016/j.aquabot.2016.09.008."
typha latifolia,Oostvaardersplassen,clay,very wet,20,30,13,40,"ter Heerdt, Gerard & Veen, Ciska & Putten, Wim & Bakker, Jan. (2016). Effects of temperature, moisture and soil type on seedling emergence and mortality of riparian plant species. Aquatic Botany. 136. 10.1016/j.aquabot.2016.09.008."
typha latifolia,Oostvaardersplassen,clay,very wet,20,30,14,40,"ter Heerdt, Gerard & Veen, Ciska & Putten, Wim & Bakker, Jan. (2016). Effects of temperature, moisture and soil type on seedling emergence and mortality of riparian plant species. Aquatic Botany. 136. 10.1016/j.aquabot.2016.09.008."
typha latifolia,Oostvaardersplassen,clay,very wet,20,30,16,40,"ter Heerdt, Gerard & Veen, Ciska & Putten, Wim & Bakker, Jan. (2016). Effects of temperature, moisture and soil type on seedling emergence and mortality of riparian plant species. Aquatic Botany. 136. 10.1016/j.aquabot.2016.09.008."
typha latifolia,Oostvaardersplassen,clay,very wet,20,30,17,40,"ter Heerdt, Gerard & Veen, Ciska & Putten, Wim & Bakker, Jan. (2016). Effects of temperature, moisture and soil type on seedling emergence and mortality of riparian plant species. Aquatic Botany. 136. 10.1016/j.aquabot.2016.09.008."
typha latifolia,Oostvaardersplassen,clay,very wet,20,30,20,40,"ter Heerdt, Gerard & Veen, Ciska & Putten, Wim & Bakker, Jan. (2016). Effects of temperature, moisture and soil type on seedling emergence and mortality of riparian plant species. Aquatic Botany. 136. 10.1016/j.aquabot.2016.09.008."
typha latifolia,Oostvaardersplassen,clay,very wet,20,30,21,40,"ter Heerdt, Gerard & Veen, Ciska & Putten, Wim & Bakker, Jan. (2016). Effects of temperature, moisture and soil type on seedling emergence and mortality of riparian plant species. Aquatic Botany. 136. 10.1016/j.aquabot.2016.09.008."
typha latifolia,Oostvaardersplassen,clay,very wet,20,30,23,40,"ter Heerdt, Gerard & Veen, Ciska & Putten, Wim & Bakker, Jan. (2016). Effects of temperature, moisture and soil type on seedling emergence and mortality of riparian plant species. Aquatic Botany. 136. 10.1016/j.aquabot.2016.09.008."
typha latifolia,Oostvaardersplassen,clay,very wet,20,30,28,40,"ter Heerdt, Gerard & Veen, Ciska & Putten, Wim & Bakker, Jan. (2016). Effects of temperature, moisture and soil type on seedling emergence and mortality of riparian plant species. Aquatic Botany. 136. 10.1016/j.aquabot.2016.09.008."
typha latifolia,Oostvaardersplassen,clay,very wet,20,30,31,40,"ter Heerdt, Gerard & Veen, Ciska & Putten, Wim & Bakker, Jan. (2016). Effects of temperature, moisture and soil type on seedling emergence and mortality of riparian plant species. Aquatic Botany. 136. 10.1016/j.aquabot.2016.09.008."
typha latifolia,Oostvaardersplassen,sand,very wet,3,10,0,0,"ter Heerdt, Gerard & Veen, Ciska & Putten, Wim & Bakker, Jan. (2016). Effects of temperature, moisture and soil type on seedling emergence and mortality of riparian plant species. Aquatic Botany. 136. 10.1016/j.aquabot.2016.09.008."
typha latifolia,Oostvaardersplassen,sand,very wet,3,10,2,0,"ter Heerdt, Gerard & Veen, Ciska & Putten, Wim & Bakker, Jan. (2016). Effects of temperature, moisture and soil type on seedling emergence and mortality of riparian plant species. Aquatic Botany. 136. 10.1016/j.aquabot.2016.09.008."
typha latifolia,Oostvaardersplassen,sand,very wet,3,10,3,0,"ter Heerdt, Gerard & Veen, Ciska & Putten, Wim & Bakker, Jan. (2016). Effects of temperature, moisture and soil type on seedling emergence and mortality of riparian plant species. Aquatic Botany. 136. 10.1016/j.aquabot.2016.09.008."
typha latifolia,Oostvaardersplassen,sand,very wet,3,10,4,0,"ter Heerdt, Gerard & Veen, Ciska & Putten, Wim & Bakker, Jan. (2016). Effects of temperature, moisture and soil type on seedling emergence and mortality of riparian plant species. Aquatic Botany. 136. 10.1016/j.aquabot.2016.09.008."
typha latifolia,Oostvaardersplassen,sand,very wet,3,10,5,1,"ter Heerdt, Gerard & Veen, Ciska & Putten, Wim & Bakker, Jan. (2016). Effects of temperature, moisture and soil type on seedling emergence and mortality of riparian plant species. Aquatic Botany. 136. 10.1016/j.aquabot.2016.09.008."
typha latifolia,Oostvaardersplassen,sand,very wet,3,10,6,1,"ter Heerdt, Gerard & Veen, Ciska & Putten, Wim & Bakker, Jan. (2016). Effects of temperature, moisture and soil type on seedling emergence and mortality of riparian plant species. Aquatic Botany. 136. 10.1016/j.aquabot.2016.09.008."
typha latifolia,Oostvaardersplassen,sand,very wet,3,10,7,1,"ter Heerdt, Gerard & Veen, Ciska & Putten, Wim & Bakker, Jan. (2016). Effects of temperature, moisture and soil type on seedling emergence and mortality of riparian plant species. Aquatic Botany. 136. 10.1016/j.aquabot.2016.09.008."
typha latifolia,Oostvaardersplassen,sand,very wet,3,10,8,1,"ter Heerdt, Gerard & Veen, Ciska & Putten, Wim & Bakker, Jan. (2016). Effects of temperature, moisture and soil type on seedling emergence and mortality of riparian plant species. Aquatic Botany. 136. 10.1016/j.aquabot.2016.09.008."
typha latifolia,Oostvaardersplassen,sand,very wet,3,10,9,1,"ter Heerdt, Gerard & Veen, Ciska & Putten, Wim & Bakker, Jan. (2016). Effects of temperature, moisture and soil type on seedling emergence and mortality of riparian plant species. Aquatic Botany. 136. 10.1016/j.aquabot.2016.09.008."
typha latifolia,Oostvaardersplassen,sand,very wet,3,10,10,1,"ter Heerdt, Gerard & Veen, Ciska & Putten, Wim & Bakker, Jan. (2016). Effects of temperature, moisture and soil type on seedling emergence and mortality of riparian plant species. Aquatic Botany. 136. 10.1016/j.aquabot.2016.09.008."
typha latifolia,Oostvaardersplassen,sand,very wet,3,10,13,1,"ter Heerdt, Gerard & Veen, Ciska & Putten, Wim & Bakker, Jan. (2016). Effects of temperature, moisture and soil type on seedling emergence and mortality of riparian plant species. Aquatic Botany. 136. 10.1016/j.aquabot.2016.09.008."
typha latifolia,Oostvaardersplassen,sand,very wet,3,10,14,1,"ter Heerdt, Gerard & Veen, Ciska & Putten, Wim & Bakker, Jan. (2016). Effects of temperature, moisture and soil type on seedling emergence and mortality of riparian plant species. Aquatic Botany. 136. 10.1016/j.aquabot.2016.09.008."
typha latifolia,Oostvaardersplassen,sand,very wet,3,10,16,1,"ter Heerdt, Gerard & Veen, Ciska & Putten, Wim & Bakker, Jan. (2016). Effects of temperature, moisture and soil type on seedling emergence and mortality of riparian plant species. Aquatic Botany. 136. 10.1016/j.aquabot.2016.09.008."
typha latifolia,Oostvaardersplassen,sand,very wet,3,10,17,1,"ter Heerdt, Gerard & Veen, Ciska & Putten, Wim & Bakker, Jan. (2016). Effects of temperature, moisture and soil type on seedling emergence and mortality of riparian plant species. Aquatic Botany. 136. 10.1016/j.aquabot.2016.09.008."
typha latifolia,Oostvaardersplassen,sand,very wet,3,10,20,1,"ter Heerdt, Gerard & Veen, Ciska & Putten, Wim & Bakker, Jan. (2016). Effects of temperature, moisture and soil type on seedling emergence and mortality of riparian plant species. Aquatic Botany. 136. 10.1016/j.aquabot.2016.09.008."
typha latifolia,Oostvaardersplassen,sand,very wet,3,10,21,7,"ter Heerdt, Gerard & Veen, Ciska & Putten, Wim & Bakker, Jan. (2016). Effects of temperature, moisture and soil type on seedling emergence and mortality of riparian plant species. Aquatic Botany. 136. 10.1016/j.aquabot.2016.09.008."
typha latifolia,Oostvaardersplassen,sand,very wet,3,10,23,10,"ter Heerdt, Gerard & Veen, Ciska & Putten, Wim & Bakker, Jan. (2016). Effects of temperature, moisture and soil type on seedling emergence and mortality of riparian plant species. Aquatic Botany. 136. 10.1016/j.aquabot.2016.09.008."
typha latifolia,Oostvaardersplassen,sand,very wet,3,10,28,17,"ter Heerdt, Gerard & Veen, Ciska & Putten, Wim & Bakker, Jan. (2016). Effects of temperature, moisture and soil type on seedling emergence and mortality of riparian plant species. Aquatic Botany. 136. 10.1016/j.aquabot.2016.09.008."
typha latifolia,Oostvaardersplassen,sand,very wet,3,10,31,24,"ter Heerdt, Gerard & Veen, Ciska & Putten, Wim & Bakker, Jan. (2016). Effects of temperature, moisture and soil type on seedling emergence and mortality of riparian plant species. Aquatic Botany. 136. 10.1016/j.aquabot.2016.09.008."
typha latifolia,Oostvaardersplassen,sand,very wet,5,15,0,0,"ter Heerdt, Gerard & Veen, Ciska & Putten, Wim & Bakker, Jan. (2016). Effects of temperature, moisture and soil type on seedling emergence and mortality of riparian plant species. Aquatic Botany. 136. 10.1016/j.aquabot.2016.09.008."
typha latifolia,Oostvaardersplassen,sand,very wet,5,15,2,0,"ter Heerdt, Gerard & Veen, Ciska & Putten, Wim & Bakker, Jan. (2016). Effects of temperature, moisture and soil type on seedling emergence and mortality of riparian plant species. Aquatic Botany. 136. 10.1016/j.aquabot.2016.09.008."
typha latifolia,Oostvaardersplassen,sand,very wet,5,15,3,0,"ter Heerdt, Gerard & Veen, Ciska & Putten, Wim & Bakker, Jan. (2016). Effects of temperature, moisture and soil type on seedling emergence and mortality of riparian plant species. Aquatic Botany. 136. 10.1016/j.aquabot.2016.09.008."
typha latifolia,Oostvaardersplassen,sand,very wet,5,15,4,0,"ter Heerdt, Gerard & Veen, Ciska & Putten, Wim & Bakker, Jan. (2016). Effects of temperature, moisture and soil type on seedling emergence and mortality of riparian plant species. Aquatic Botany. 136. 10.1016/j.aquabot.2016.09.008."
typha latifolia,Oostvaardersplassen,sand,very wet,5,15,5,1,"ter Heerdt, Gerard & Veen, Ciska & Putten, Wim & Bakker, Jan. (2016). Effects of temperature, moisture and soil type on seedling emergence and mortality of riparian plant species. Aquatic Botany. 136. 10.1016/j.aquabot.2016.09.008."
typha latifolia,Oostvaardersplassen,sand,very wet,5,15,6,1,"ter Heerdt, Gerard & Veen, Ciska & Putten, Wim & Bakker, Jan. (2016). Effects of temperature, moisture and soil type on seedling emergence and mortality of riparian plant species. Aquatic Botany. 136. 10.1016/j.aquabot.2016.09.008."
typha latifolia,Oostvaardersplassen,sand,very wet,5,15,7,1,"ter Heerdt, Gerard & Veen, Ciska & Putten, Wim & Bakker, Jan. (2016). Effects of temperature, moisture and soil type on seedling emergence and mortality of riparian plant species. Aquatic Botany. 136. 10.1016/j.aquabot.2016.09.008."
typha latifolia,Oostvaardersplassen,sand,very wet,5,15,8,1,"ter Heerdt, Gerard & Veen, Ciska & Putten, Wim & Bakker, Jan. (2016). Effects of temperature, moisture and soil type on seedling emergence and mortality of riparian plant species. Aquatic Botany. 136. 10.1016/j.aquabot.2016.09.008."
typha latifolia,Oostvaardersplassen,sand,very wet,5,15,9,1,"ter Heerdt, Gerard & Veen, Ciska & Putten, Wim & Bakker, Jan. (2016). Effects of temperature, moisture and soil type on seedling emergence and mortality of riparian plant species. Aquatic Botany. 136. 10.1016/j.aquabot.2016.09.008."
typha latifolia,Oostvaardersplassen,sand,very wet,5,15,10,1,"ter Heerdt, Gerard & Veen, Ciska & Putten, Wim & Bakker, Jan. (2016). Effects of temperature, moisture and soil type on seedling emergence and mortality of riparian plant species. Aquatic Botany. 136. 10.1016/j.aquabot.2016.09.008."
typha latifolia,Oostvaardersplassen,sand,very wet,5,15,13,1,"ter Heerdt, Gerard & Veen, Ciska & Putten, Wim & Bakker, Jan. (2016). Effects of temperature, moisture and soil type on seedling emergence and mortality of riparian plant species. Aquatic Botany. 136. 10.1016/j.aquabot.2016.09.008."
typha latifolia,Oostvaardersplassen,sand,very wet,5,15,14,1,"ter Heerdt, Gerard & Veen, Ciska & Putten, Wim & Bakker, Jan. (2016). Effects of temperature, moisture and soil type on seedling emergence and mortality of riparian plant species. Aquatic Botany. 136. 10.1016/j.aquabot.2016.09.008."
typha latifolia,Oostvaardersplassen,sand,very wet,5,15,16,1,"ter Heerdt, Gerard & Veen, Ciska & Putten, Wim & Bakker, Jan. (2016). Effects of temperature, moisture and soil type on seedling emergence and mortality of riparian plant species. Aquatic Botany. 136. 10.1016/j.aquabot.2016.09.008."
typha latifolia,Oostvaardersplassen,sand,very wet,5,15,17,1,"ter Heerdt, Gerard & Veen, Ciska & Putten, Wim & Bakker, Jan. (2016). Effects of temperature, moisture and soil type on seedling emergence and mortality of riparian plant species. Aquatic Botany. 136. 10.1016/j.aquabot.2016.09.008."
typha latifolia,Oostvaardersplassen,sand,very wet,5,15,20,1,"ter Heerdt, Gerard & Veen, Ciska & Putten, Wim & Bakker, Jan. (2016). Effects of temperature, moisture and soil type on seedling emergence and mortality of riparian plant species. Aquatic Botany. 136. 10.1016/j.aquabot.2016.09.008."
typha latifolia,Oostvaardersplassen,sand,very wet,5,15,21,5,"ter Heerdt, Gerard & Veen, Ciska & Putten, Wim & Bakker, Jan. (2016). Effects of temperature, moisture and soil type on seedling emergence and mortality of riparian plant species. Aquatic Botany. 136. 10.1016/j.aquabot.2016.09.008."
typha latifolia,Oostvaardersplassen,sand,very wet,5,15,23,9,"ter Heerdt, Gerard & Veen, Ciska & Putten, Wim & Bakker, Jan. (2016). Effects of temperature, moisture and soil type on seedling emergence and mortality of riparian plant species. Aquatic Botany. 136. 10.1016/j.aquabot.2016.09.008."
typha latifolia,Oostvaardersplassen,sand,very wet,5,15,28,20,"ter Heerdt, Gerard & Veen, Ciska & Putten, Wim & Bakker, Jan. (2016). Effects of temperature, moisture and soil type on seedling emergence and mortality of riparian plant species. Aquatic Botany. 136. 10.1016/j.aquabot.2016.09.008."
typha latifolia,Oostvaardersplassen,sand,very wet,5,15,31,24,"ter Heerdt, Gerard & Veen, Ciska & Putten, Wim & Bakker, Jan. (2016). Effects of temperature, moisture and soil type on seedling emergence and mortality of riparian plant species. Aquatic Botany. 136. 10.1016/j.aquabot.2016.09.008."
typha latifolia,Oostvaardersplassen,sand,very wet,10,20,0,0,"ter Heerdt, Gerard & Veen, Ciska & Putten, Wim & Bakker, Jan. (2016). Effects of temperature, moisture and soil type on seedling emergence and mortality of riparian plant species. Aquatic Botany. 136. 10.1016/j.aquabot.2016.09.008."
typha latifolia,Oostvaardersplassen,sand,very wet,10,20,2,0,"ter Heerdt, Gerard & Veen, Ciska & Putten, Wim & Bakker, Jan. (2016). Effects of temperature, moisture and soil type on seedling emergence and mortality of riparian plant species. Aquatic Botany. 136. 10.1016/j.aquabot.2016.09.008."
typha latifolia,Oostvaardersplassen,sand,very wet,10,20,3,0,"ter Heerdt, Gerard & Veen, Ciska & Putten, Wim & Bakker, Jan. (2016). Effects of temperature, moisture and soil type on seedling emergence and mortality of riparian plant species. Aquatic Botany. 136. 10.1016/j.aquabot.2016.09.008."
typha latifolia,Oostvaardersplassen,sand,very wet,10,20,4,9,"ter Heerdt, Gerard & Veen, Ciska & Putten, Wim & Bakker, Jan. (2016). Effects of temperature, moisture and soil type on seedling emergence and mortality of riparian plant species. Aquatic Botany. 136. 10.1016/j.aquabot.2016.09.008."
typha latifolia,Oostvaardersplassen,sand,very wet,10,20,5,37,"ter Heerdt, Gerard & Veen, Ciska & Putten, Wim & Bakker, Jan. (2016). Effects of temperature, moisture and soil type on seedling emergence and mortality of riparian plant species. Aquatic Botany. 136. 10.1016/j.aquabot.2016.09.008."
typha latifolia,Oostvaardersplassen,sand,very wet,10,20,6,65,"ter Heerdt, Gerard & Veen, Ciska & Putten, Wim & Bakker, Jan. (2016). Effects of temperature, moisture and soil type on seedling emergence and mortality of riparian plant species. Aquatic Botany. 136. 10.1016/j.aquabot.2016.09.008."
typha latifolia,Oostvaardersplassen,sand,very wet,10,20,7,85,"ter Heerdt, Gerard & Veen, Ciska & Putten, Wim & Bakker, Jan. (2016). Effects of temperature, moisture and soil type on seedling emergence and mortality of riparian plant species. Aquatic Botany. 136. 10.1016/j.aquabot.2016.09.008."
typha latifolia,Oostvaardersplassen,sand,very wet,10,20,8,86,"ter Heerdt, Gerard & Veen, Ciska & Putten, Wim & Bakker, Jan. (2016). Effects of temperature, moisture and soil type on seedling emergence and mortality of riparian plant species. Aquatic Botany. 136. 10.1016/j.aquabot.2016.09.008."
typha latifolia,Oostvaardersplassen,sand,very wet,10,20,9,90,"ter Heerdt, Gerard & Veen, Ciska & Putten, Wim & Bakker, Jan. (2016). Effects of temperature, moisture and soil type on seedling emergence and mortality of riparian plant species. Aquatic Botany. 136. 10.1016/j.aquabot.2016.09.008."
typha latifolia,Oostvaardersplassen,sand,very wet,10,20,10,90,"ter Heerdt, Gerard & Veen, Ciska & Putten, Wim & Bakker, Jan. (2016). Effects of temperature, moisture and soil type on seedling emergence and mortality of riparian plant species. Aquatic Botany. 136. 10.1016/j.aquabot.2016.09.008."
typha latifolia,Oostvaardersplassen,sand,very wet,10,20,13,90,"ter Heerdt, Gerard & Veen, Ciska & Putten, Wim & Bakker, Jan. (2016). Effects of temperature, moisture and soil type on seedling emergence and mortality of riparian plant species. Aquatic Botany. 136. 10.1016/j.aquabot.2016.09.008."
typha latifolia,Oostvaardersplassen,sand,very wet,10,20,14,90,"ter Heerdt, Gerard & Veen, Ciska & Putten, Wim & Bakker, Jan. (2016). Effects of temperature, moisture and soil type on seedling emergence and mortality of riparian plant species. Aquatic Botany. 136. 10.1016/j.aquabot.2016.09.008."
typha latifolia,Oostvaardersplassen,sand,very wet,10,20,16,90,"ter Heerdt, Gerard & Veen, Ciska & Putten, Wim & Bakker, Jan. (2016). Effects of temperature, moisture and soil type on seedling emergence and mortality of riparian plant species. Aquatic Botany. 136. 10.1016/j.aquabot.2016.09.008."
typha latifolia,Oostvaardersplassen,sand,very wet,10,20,17,90,"ter Heerdt, Gerard & Veen, Ciska & Putten, Wim & Bakker, Jan. (2016). Effects of temperature, moisture and soil type on seedling emergence and mortality of riparian plant species. Aquatic Botany. 136. 10.1016/j.aquabot.2016.09.008."
typha latifolia,Oostvaardersplassen,sand,very wet,10,20,20,90,"ter Heerdt, Gerard & Veen, Ciska & Putten, Wim & Bakker, Jan. (2016). Effects of temperature, moisture and soil type on seedling emergence and mortality of riparian plant species. Aquatic Botany. 136. 10.1016/j.aquabot.2016.09.008."
typha latifolia,Oostvaardersplassen,sand,very wet,10,20,21,90,"ter Heerdt, Gerard & Veen, Ciska & Putten, Wim & Bakker, Jan. (2016). Effects of temperature, moisture and soil type on seedling emergence and mortality of riparian plant species. Aquatic Botany. 136. 10.1016/j.aquabot.2016.09.008."
typha latifolia,Oostvaardersplassen,sand,very wet,10,20,23,90,"ter Heerdt, Gerard & Veen, Ciska & Putten, Wim & Bakker, Jan. (2016). Effects of temperature, moisture and soil type on seedling emergence and mortality of riparian plant species. Aquatic Botany. 136. 10.1016/j.aquabot.2016.09.008."
typha latifolia,Oostvaardersplassen,sand,very wet,10,20,28,90,"ter Heerdt, Gerard & Veen, Ciska & Putten, Wim & Bakker, Jan. (2016). Effects of temperature, moisture and soil type on seedling emergence and mortality of riparian plant species. Aquatic Botany. 136. 10.1016/j.aquabot.2016.09.008."
typha latifolia,Oostvaardersplassen,sand,very wet,10,20,31,90,"ter Heerdt, Gerard & Veen, Ciska & Putten, Wim & Bakker, Jan. (2016). Effects of temperature, moisture and soil type on seedling emergence and mortality of riparian plant species. Aquatic Botany. 136. 10.1016/j.aquabot.2016.09.008."
typha latifolia,Oostvaardersplassen,sand,very wet,15,25,0,0,"ter Heerdt, Gerard & Veen, Ciska & Putten, Wim & Bakker, Jan. (2016). Effects of temperature, moisture and soil type on seedling emergence and mortality of riparian plant species. Aquatic Botany. 136. 10.1016/j.aquabot.2016.09.008."
typha latifolia,Oostvaardersplassen,sand,very wet,15,25,2,2,"ter Heerdt, Gerard & Veen, Ciska & Putten, Wim & Bakker, Jan. (2016). Effects of temperature, moisture and soil type on seedling emergence and mortality of riparian plant species. Aquatic Botany. 136. 10.1016/j.aquabot.2016.09.008."
typha latifolia,Oostvaardersplassen,sand,very wet,15,25,3,3,"ter Heerdt, Gerard & Veen, Ciska & Putten, Wim & Bakker, Jan. (2016). Effects of temperature, moisture and soil type on seedling emergence and mortality of riparian plant species. Aquatic Botany. 136. 10.1016/j.aquabot.2016.09.008."
typha latifolia,Oostvaardersplassen,sand,very wet,15,25,4,50,"ter Heerdt, Gerard & Veen, Ciska & Putten, Wim & Bakker, Jan. (2016). Effects of temperature, moisture and soil type on seedling emergence and mortality of riparian plant species. Aquatic Botany. 136. 10.1016/j.aquabot.2016.09.008."
typha latifolia,Oostvaardersplassen,sand,very wet,15,25,5,84,"ter Heerdt, Gerard & Veen, Ciska & Putten, Wim & Bakker, Jan. (2016). Effects of temperature, moisture and soil type on seedling emergence and mortality of riparian plant species. Aquatic Botany. 136. 10.1016/j.aquabot.2016.09.008."
typha latifolia,Oostvaardersplassen,sand,very wet,15,25,6,85,"ter Heerdt, Gerard & Veen, Ciska & Putten, Wim & Bakker, Jan. (2016). Effects of temperature, moisture and soil type on seedling emergence and mortality of riparian plant species. Aquatic Botany. 136. 10.1016/j.aquabot.2016.09.008."
typha latifolia,Oostvaardersplassen,sand,very wet,15,25,7,86,"ter Heerdt, Gerard & Veen, Ciska & Putten, Wim & Bakker, Jan. (2016). Effects of temperature, moisture and soil type on seedling emergence and mortality of riparian plant species. Aquatic Botany. 136. 10.1016/j.aquabot.2016.09.008."
typha latifolia,Oostvaardersplassen,sand,very wet,15,25,8,86,"ter Heerdt, Gerard & Veen, Ciska & Putten, Wim & Bakker, Jan. (2016). Effects of temperature, moisture and soil type on seedling emergence and mortality of riparian plant species. Aquatic Botany. 136. 10.1016/j.aquabot.2016.09.008."
typha latifolia,Oostvaardersplassen,sand,very wet,15,25,9,86,"ter Heerdt, Gerard & Veen, Ciska & Putten, Wim & Bakker, Jan. (2016). Effects of temperature, moisture and soil type on seedling emergence and mortality of riparian plant species. Aquatic Botany. 136. 10.1016/j.aquabot.2016.09.008."
typha latifolia,Oostvaardersplassen,sand,very wet,15,25,10,86,"ter Heerdt, Gerard & Veen, Ciska & Putten, Wim & Bakker, Jan. (2016). Effects of temperature, moisture and soil type on seedling emergence and mortality of riparian plant species. Aquatic Botany. 136. 10.1016/j.aquabot.2016.09.008."
typha latifolia,Oostvaardersplassen,sand,very wet,15,25,13,86,"ter Heerdt, Gerard & Veen, Ciska & Putten, Wim & Bakker, Jan. (2016). Effects of temperature, moisture and soil type on seedling emergence and mortality of riparian plant species. Aquatic Botany. 136. 10.1016/j.aquabot.2016.09.008."
typha latifolia,Oostvaardersplassen,sand,very wet,15,25,14,86,"ter Heerdt, Gerard & Veen, Ciska & Putten, Wim & Bakker, Jan. (2016). Effects of temperature, moisture and soil type on seedling emergence and mortality of riparian plant species. Aquatic Botany. 136. 10.1016/j.aquabot.2016.09.008."
typha latifolia,Oostvaardersplassen,sand,very wet,15,25,16,86,"ter Heerdt, Gerard & Veen, Ciska & Putten, Wim & Bakker, Jan. (2016). Effects of temperature, moisture and soil type on seedling emergence and mortality of riparian plant species. Aquatic Botany. 136. 10.1016/j.aquabot.2016.09.008."
typha latifolia,Oostvaardersplassen,sand,very wet,15,25,17,86,"ter Heerdt, Gerard & Veen, Ciska & Putten, Wim & Bakker, Jan. (2016). Effects of temperature, moisture and soil type on seedling emergence and mortality of riparian plant species. Aquatic Botany. 136. 10.1016/j.aquabot.2016.09.008."
typha latifolia,Oostvaardersplassen,sand,very wet,15,25,20,86,"ter Heerdt, Gerard & Veen, Ciska & Putten, Wim & Bakker, Jan. (2016). Effects of temperature, moisture and soil type on seedling emergence and mortality of riparian plant species. Aquatic Botany. 136. 10.1016/j.aquabot.2016.09.008."
typha latifolia,Oostvaardersplassen,sand,very wet,15,25,21,86,"ter Heerdt, Gerard & Veen, Ciska & Putten, Wim & Bakker, Jan. (2016). Effects of temperature, moisture and soil type on seedling emergence and mortality of riparian plant species. Aquatic Botany. 136. 10.1016/j.aquabot.2016.09.008."
typha latifolia,Oostvaardersplassen,sand,very wet,15,25,23,86,"ter Heerdt, Gerard & Veen, Ciska & Putten, Wim & Bakker, Jan. (2016). Effects of temperature, moisture and soil type on seedling emergence and mortality of riparian plant species. Aquatic Botany. 136. 10.1016/j.aquabot.2016.09.008."
typha latifolia,Oostvaardersplassen,sand,very wet,15,25,28,86,"ter Heerdt, Gerard & Veen, Ciska & Putten, Wim & Bakker, Jan. (2016). Effects of temperature, moisture and soil type on seedling emergence and mortality of riparian plant species. Aquatic Botany. 136. 10.1016/j.aquabot.2016.09.008."
typha latifolia,Oostvaardersplassen,sand,very wet,15,25,31,86,"ter Heerdt, Gerard & Veen, Ciska & Putten, Wim & Bakker, Jan. (2016). Effects of temperature, moisture and soil type on seedling emergence and mortality of riparian plant species. Aquatic Botany. 136. 10.1016/j.aquabot.2016.09.008."
typha latifolia,Oostvaardersplassen,sand,very wet,20,30,0,0,"ter Heerdt, Gerard & Veen, Ciska & Putten, Wim & Bakker, Jan. (2016). Effects of temperature, moisture and soil type on seedling emergence and mortality of riparian plant species. Aquatic Botany. 136. 10.1016/j.aquabot.2016.09.008."
typha latifolia,Oostvaardersplassen,sand,very wet,20,30,2,38,"ter Heerdt, Gerard & Veen, Ciska & Putten, Wim & Bakker, Jan. (2016). Effects of temperature, moisture and soil type on seedling emergence and mortality of riparian plant species. Aquatic Botany. 136. 10.1016/j.aquabot.2016.09.008."
typha latifolia,Oostvaardersplassen,sand,very wet,20,30,3,68,"ter Heerdt, Gerard & Veen, Ciska & Putten, Wim & Bakker, Jan. (2016). Effects of temperature, moisture and soil type on seedling emergence and mortality of riparian plant species. Aquatic Botany. 136. 10.1016/j.aquabot.2016.09.008."
typha latifolia,Oostvaardersplassen,sand,very wet,20,30,4,96,"ter Heerdt, Gerard & Veen, Ciska & Putten, Wim & Bakker, Jan. (2016). Effects of temperature, moisture and soil type on seedling emergence and mortality of riparian plant species. Aquatic Botany. 136. 10.1016/j.aquabot.2016.09.008."
typha latifolia,Oostvaardersplassen,sand,very wet,20,30,5,97,"ter Heerdt, Gerard & Veen, Ciska & Putten, Wim & Bakker, Jan. (2016). Effects of temperature, moisture and soil type on seedling emergence and mortality of riparian plant species. Aquatic Botany. 136. 10.1016/j.aquabot.2016.09.008."
typha latifolia,Oostvaardersplassen,sand,very wet,20,30,6,98,"ter Heerdt, Gerard & Veen, Ciska & Putten, Wim & Bakker, Jan. (2016). Effects of temperature, moisture and soil type on seedling emergence and mortality of riparian plant species. Aquatic Botany. 136. 10.1016/j.aquabot.2016.09.008."
typha latifolia,Oostvaardersplassen,sand,very wet,20,30,7,98,"ter Heerdt, Gerard & Veen, Ciska & Putten, Wim & Bakker, Jan. (2016). Effects of temperature, moisture and soil type on seedling emergence and mortality of riparian plant species. Aquatic Botany. 136. 10.1016/j.aquabot.2016.09.008."
typha latifolia,Oostvaardersplassen,sand,very wet,20,30,8,98,"ter Heerdt, Gerard & Veen, Ciska & Putten, Wim & Bakker, Jan. (2016). Effects of temperature, moisture and soil type on seedling emergence and mortality of riparian plant species. Aquatic Botany. 136. 10.1016/j.aquabot.2016.09.008."
typha latifolia,Oostvaardersplassen,sand,very wet,20,30,9,98,"ter Heerdt, Gerard & Veen, Ciska & Putten, Wim & Bakker, Jan. (2016). Effects of temperature, moisture and soil type on seedling emergence and mortality of riparian plant species. Aquatic Botany. 136. 10.1016/j.aquabot.2016.09.008."
typha latifolia,Oostvaardersplassen,sand,very wet,20,30,10,98,"ter Heerdt, Gerard & Veen, Ciska & Putten, Wim & Bakker, Jan. (2016). Effects of temperature, moisture and soil type on seedling emergence and mortality of riparian plant species. Aquatic Botany. 136. 10.1016/j.aquabot.2016.09.008."
typha latifolia,Oostvaardersplassen,sand,very wet,20,30,13,98,"ter Heerdt, Gerard & Veen, Ciska & Putten, Wim & Bakker, Jan. (2016). Effects of temperature, moisture and soil type on seedling emergence and mortality of riparian plant species. Aquatic Botany. 136. 10.1016/j.aquabot.2016.09.008."
typha latifolia,Oostvaardersplassen,sand,very wet,20,30,14,98,"ter Heerdt, Gerard & Veen, Ciska & Putten, Wim & Bakker, Jan. (2016). Effects of temperature, moisture and soil type on seedling emergence and mortality of riparian plant species. Aquatic Botany. 136. 10.1016/j.aquabot.2016.09.008."
typha latifolia,Oostvaardersplassen,sand,very wet,20,30,16,98,"ter Heerdt, Gerard & Veen, Ciska & Putten, Wim & Bakker, Jan. (2016). Effects of temperature, moisture and soil type on seedling emergence and mortality of riparian plant species. Aquatic Botany. 136. 10.1016/j.aquabot.2016.09.008."
typha latifolia,Oostvaardersplassen,sand,very wet,20,30,17,98,"ter Heerdt, Gerard & Veen, Ciska & Putten, Wim & Bakker, Jan. (2016). Effects of temperature, moisture and soil type on seedling emergence and mortality of riparian plant species. Aquatic Botany. 136. 10.1016/j.aquabot.2016.09.008."
typha latifolia,Oostvaardersplassen,sand,very wet,20,30,20,98,"ter Heerdt, Gerard & Veen, Ciska & Putten, Wim & Bakker, Jan. (2016). Effects of temperature, moisture and soil type on seedling emergence and mortality of riparian plant species. Aquatic Botany. 136. 10.1016/j.aquabot.2016.09.008."
typha latifolia,Oostvaardersplassen,sand,very wet,20,30,21,98,"ter Heerdt, Gerard & Veen, Ciska & Putten, Wim & Bakker, Jan. (2016). Effects of temperature, moisture and soil type on seedling emergence and mortality of riparian plant species. Aquatic Botany. 136. 10.1016/j.aquabot.2016.09.008."
typha latifolia,Oostvaardersplassen,sand,very wet,20,30,23,98,"ter Heerdt, Gerard & Veen, Ciska & Putten, Wim & Bakker, Jan. (2016). Effects of temperature, moisture and soil type on seedling emergence and mortality of riparian plant species. Aquatic Botany. 136. 10.1016/j.aquabot.2016.09.008."
typha latifolia,Oostvaardersplassen,sand,very wet,20,30,28,98,"ter Heerdt, Gerard & Veen, Ciska & Putten, Wim & Bakker, Jan. (2016). Effects of temperature, moisture and soil type on seedling emergence and mortality of riparian plant species. Aquatic Botany. 136. 10.1016/j.aquabot.2016.09.008."
typha latifolia,Oostvaardersplassen,sand,very wet,20,30,31,98,"ter Heerdt, Gerard & Veen, Ciska & Putten, Wim & Bakker, Jan. (2016). Effects of temperature, moisture and soil type on seedling emergence and mortality of riparian plant species. Aquatic Botany. 136. 10.1016/j.aquabot.2016.09.008."
typha latifolia,Oostvaardersplassen,clay,very wet,3,10,0,0,"ter Heerdt, Gerard & Veen, Ciska & Putten, Wim & Bakker, Jan. (2016). Effects of temperature, moisture and soil type on seedling emergence and mortality of riparian plant species. Aquatic Botany. 136. 10.1016/j.aquabot.2016.09.008."
typha latifolia,Oostvaardersplassen,clay,very wet,3,10,4,0,"ter Heerdt, Gerard & Veen, Ciska & Putten, Wim & Bakker, Jan. (2016). Effects of temperature, moisture and soil type on seedling emergence and mortality of riparian plant species. Aquatic Botany. 136. 10.1016/j.aquabot.2016.09.008."
typha latifolia,Oostvaardersplassen,clay,very wet,3,10,5,0,"ter Heerdt, Gerard & Veen, Ciska & Putten, Wim & Bakker, Jan. (2016). Effects of temperature, moisture and soil type on seedling emergence and mortality of riparian plant species. Aquatic Botany. 136. 10.1016/j.aquabot.2016.09.008."
typha latifolia,Oostvaardersplassen,clay,very wet,3,10,7,0,"ter Heerdt, Gerard & Veen, Ciska & Putten, Wim & Bakker, Jan. (2016). Effects of temperature, moisture and soil type on seedling emergence and mortality of riparian plant species. Aquatic Botany. 136. 10.1016/j.aquabot.2016.09.008."
typha latifolia,Oostvaardersplassen,clay,very wet,3,10,8,0,"ter Heerdt, Gerard & Veen, Ciska & Putten, Wim & Bakker, Jan. (2016). Effects of temperature, moisture and soil type on seedling emergence and mortality of riparian plant species. Aquatic Botany. 136. 10.1016/j.aquabot.2016.09.008."
typha latifolia,Oostvaardersplassen,clay,very wet,3,10,12,0,"ter Heerdt, Gerard & Veen, Ciska & Putten, Wim & Bakker, Jan. (2016). Effects of temperature, moisture and soil type on seedling emergence and mortality of riparian plant species. Aquatic Botany. 136. 10.1016/j.aquabot.2016.09.008."
typha latifolia,Oostvaardersplassen,clay,very wet,3,10,14,0,"ter Heerdt, Gerard & Veen, Ciska & Putten, Wim & Bakker, Jan. (2016). Effects of temperature, moisture and soil type on seedling emergence and mortality of riparian plant species. Aquatic Botany. 136. 10.1016/j.aquabot.2016.09.008."
typha latifolia,Oostvaardersplassen,clay,very wet,3,10,18,1,"ter Heerdt, Gerard & Veen, Ciska & Putten, Wim & Bakker, Jan. (2016). Effects of temperature, moisture and soil type on seedling emergence and mortality of riparian plant species. Aquatic Botany. 136. 10.1016/j.aquabot.2016.09.008."
typha latifolia,Oostvaardersplassen,clay,very wet,3,10,21,20,"ter Heerdt, Gerard & Veen, Ciska & Putten, Wim & Bakker, Jan. (2016). Effects of temperature, moisture and soil type on seedling emergence and mortality of riparian plant species. Aquatic Botany. 136. 10.1016/j.aquabot.2016.09.008."
typha latifolia,Oostvaardersplassen,clay,very wet,3,10,25,41,"ter Heerdt, Gerard & Veen, Ciska & Putten, Wim & Bakker, Jan. (2016). Effects of temperature, moisture and soil type on seedling emergence and mortality of riparian plant species. Aquatic Botany. 136. 10.1016/j.aquabot.2016.09.008."
typha latifolia,Oostvaardersplassen,clay,very wet,3,10,35,60,"ter Heerdt, Gerard & Veen, Ciska & Putten, Wim & Bakker, Jan. (2016). Effects of temperature, moisture and soil type on seedling emergence and mortality of riparian plant species. Aquatic Botany. 136. 10.1016/j.aquabot.2016.09.008."
typha latifolia,Oostvaardersplassen,clay,very wet,5,15,0,0,"ter Heerdt, Gerard & Veen, Ciska & Putten, Wim & Bakker, Jan. (2016). Effects of temperature, moisture and soil type on seedling emergence and mortality of riparian plant species. Aquatic Botany. 136. 10.1016/j.aquabot.2016.09.008."
typha latifolia,Oostvaardersplassen,clay,very wet,5,15,4,0,"ter Heerdt, Gerard & Veen, Ciska & Putten, Wim & Bakker, Jan. (2016). Effects of temperature, moisture and soil type on seedling emergence and mortality of riparian plant species. Aquatic Botany. 136. 10.1016/j.aquabot.2016.09.008."
typha latifolia,Oostvaardersplassen,clay,very wet,5,15,5,0,"ter Heerdt, Gerard & Veen, Ciska & Putten, Wim & Bakker, Jan. (2016). Effects of temperature, moisture and soil type on seedling emergence and mortality of riparian plant species. Aquatic Botany. 136. 10.1016/j.aquabot.2016.09.008."
typha latifolia,Oostvaardersplassen,clay,very wet,5,15,7,0,"ter Heerdt, Gerard & Veen, Ciska & Putten, Wim & Bakker, Jan. (2016). Effects of temperature, moisture and soil type on seedling emergence and mortality of riparian plant species. Aquatic Botany. 136. 10.1016/j.aquabot.2016.09.008."
typha latifolia,Oostvaardersplassen,clay,very wet,5,15,8,0,"ter Heerdt, Gerard & Veen, Ciska & Putten, Wim & Bakker, Jan. (2016). Effects of temperature, moisture and soil type on seedling emergence and mortality of riparian plant species. Aquatic Botany. 136. 10.1016/j.aquabot.2016.09.008."
typha latifolia,Oostvaardersplassen,clay,very wet,5,15,12,0,"ter Heerdt, Gerard & Veen, Ciska & Putten, Wim & Bakker, Jan. (2016). Effects of temperature, moisture and soil type on seedling emergence and mortality of riparian plant species. Aquatic Botany. 136. 10.1016/j.aquabot.2016.09.008."
typha latifolia,Oostvaardersplassen,clay,very wet,5,15,14,1,"ter Heerdt, Gerard & Veen, Ciska & Putten, Wim & Bakker, Jan. (2016). Effects of temperature, moisture and soil type on seedling emergence and mortality of riparian plant species. Aquatic Botany. 136. 10.1016/j.aquabot.2016.09.008."
typha latifolia,Oostvaardersplassen,clay,very wet,5,15,18,20,"ter Heerdt, Gerard & Veen, Ciska & Putten, Wim & Bakker, Jan. (2016). Effects of temperature, moisture and soil type on seedling emergence and mortality of riparian plant species. Aquatic Botany. 136. 10.1016/j.aquabot.2016.09.008."
typha latifolia,Oostvaardersplassen,clay,very wet,5,15,21,38,"ter Heerdt, Gerard & Veen, Ciska & Putten, Wim & Bakker, Jan. (2016). Effects of temperature, moisture and soil type on seedling emergence and mortality of riparian plant species. Aquatic Botany. 136. 10.1016/j.aquabot.2016.09.008."
typha latifolia,Oostvaardersplassen,clay,very wet,5,15,25,42,"ter Heerdt, Gerard & Veen, Ciska & Putten, Wim & Bakker, Jan. (2016). Effects of temperature, moisture and soil type on seedling emergence and mortality of riparian plant species. Aquatic Botany. 136. 10.1016/j.aquabot.2016.09.008."
typha latifolia,Oostvaardersplassen,clay,very wet,5,15,35,57,"ter Heerdt, Gerard & Veen, Ciska & Putten, Wim & Bakker, Jan. (2016). Effects of temperature, moisture and soil type on seedling emergence and mortality of riparian plant species. Aquatic Botany. 136. 10.1016/j.aquabot.2016.09.008."
typha latifolia,Oostvaardersplassen,clay,very wet,10,20,0,0,"ter Heerdt, Gerard & Veen, Ciska & Putten, Wim & Bakker, Jan. (2016). Effects of temperature, moisture and soil type on seedling emergence and mortality of riparian plant species. Aquatic Botany. 136. 10.1016/j.aquabot.2016.09.008."
typha latifolia,Oostvaardersplassen,clay,very wet,10,20,4,0,"ter Heerdt, Gerard & Veen, Ciska & Putten, Wim & Bakker, Jan. (2016). Effects of temperature, moisture and soil type on seedling emergence and mortality of riparian plant species. Aquatic Botany. 136. 10.1016/j.aquabot.2016.09.008."
typha latifolia,Oostvaardersplassen,clay,very wet,10,20,5,0,"ter Heerdt, Gerard & Veen, Ciska & Putten, Wim & Bakker, Jan. (2016). Effects of temperature, moisture and soil type on seedling emergence and mortality of riparian plant species. Aquatic Botany. 136. 10.1016/j.aquabot.2016.09.008."
typha latifolia,Oostvaardersplassen,clay,very wet,10,20,7,10,"ter Heerdt, Gerard & Veen, Ciska & Putten, Wim & Bakker, Jan. (2016). Effects of temperature, moisture and soil type on seedling emergence and mortality of riparian plant species. Aquatic Botany. 136. 10.1016/j.aquabot.2016.09.008."
typha latifolia,Oostvaardersplassen,clay,very wet,10,20,8,40,"ter Heerdt, Gerard & Veen, Ciska & Putten, Wim & Bakker, Jan. (2016). Effects of temperature, moisture and soil type on seedling emergence and mortality of riparian plant species. Aquatic Botany. 136. 10.1016/j.aquabot.2016.09.008."
typha latifolia,Oostvaardersplassen,clay,very wet,10,20,12,80,"ter Heerdt, Gerard & Veen, Ciska & Putten, Wim & Bakker, Jan. (2016). Effects of temperature, moisture and soil type on seedling emergence and mortality of riparian plant species. Aquatic Botany. 136. 10.1016/j.aquabot.2016.09.008."
typha latifolia,Oostvaardersplassen,clay,very wet,10,20,14,81,"ter Heerdt, Gerard & Veen, Ciska & Putten, Wim & Bakker, Jan. (2016). Effects of temperature, moisture and soil type on seedling emergence and mortality of riparian plant species. Aquatic Botany. 136. 10.1016/j.aquabot.2016.09.008."
typha latifolia,Oostvaardersplassen,clay,very wet,10,20,18,82,"ter Heerdt, Gerard & Veen, Ciska & Putten, Wim & Bakker, Jan. (2016). Effects of temperature, moisture and soil type on seedling emergence and mortality of riparian plant species. Aquatic Botany. 136. 10.1016/j.aquabot.2016.09.008."
typha latifolia,Oostvaardersplassen,clay,very wet,10,20,21,83,"ter Heerdt, Gerard & Veen, Ciska & Putten, Wim & Bakker, Jan. (2016). Effects of temperature, moisture and soil type on seedling emergence and mortality of riparian plant species. Aquatic Botany. 136. 10.1016/j.aquabot.2016.09.008."
typha latifolia,Oostvaardersplassen,clay,very wet,10,20,25,83,"ter Heerdt, Gerard & Veen, Ciska & Putten, Wim & Bakker, Jan. (2016). Effects of temperature, moisture and soil type on seedling emergence and mortality of riparian plant species. Aquatic Botany. 136. 10.1016/j.aquabot.2016.09.008."
typha latifolia,Oostvaardersplassen,clay,very wet,10,20,35,83,"ter Heerdt, Gerard & Veen, Ciska & Putten, Wim & Bakker, Jan. (2016). Effects of temperature, moisture and soil type on seedling emergence and mortality of riparian plant species. Aquatic Botany. 136. 10.1016/j.aquabot.2016.09.008."
typha latifolia,Oostvaardersplassen,clay,very wet,15,25,0,0,"ter Heerdt, Gerard & Veen, Ciska & Putten, Wim & Bakker, Jan. (2016). Effects of temperature, moisture and soil type on seedling emergence and mortality of riparian plant species. Aquatic Botany. 136. 10.1016/j.aquabot.2016.09.008."
typha latifolia,Oostvaardersplassen,clay,very wet,15,25,4,40,"ter Heerdt, Gerard & Veen, Ciska & Putten, Wim & Bakker, Jan. (2016). Effects of temperature, moisture and soil type on seedling emergence and mortality of riparian plant species. Aquatic Botany. 136. 10.1016/j.aquabot.2016.09.008."
typha latifolia,Oostvaardersplassen,clay,very wet,15,25,5,60,"ter Heerdt, Gerard & Veen, Ciska & Putten, Wim & Bakker, Jan. (2016). Effects of temperature, moisture and soil type on seedling emergence and mortality of riparian plant species. Aquatic Botany. 136. 10.1016/j.aquabot.2016.09.008."
typha latifolia,Oostvaardersplassen,clay,very wet,15,25,7,80,"ter Heerdt, Gerard & Veen, Ciska & Putten, Wim & Bakker, Jan. (2016). Effects of temperature, moisture and soil type on seedling emergence and mortality of riparian plant species. Aquatic Botany. 136. 10.1016/j.aquabot.2016.09.008."
typha latifolia,Oostvaardersplassen,clay,very wet,15,25,8,84,"ter Heerdt, Gerard & Veen, Ciska & Putten, Wim & Bakker, Jan. (2016). Effects of temperature, moisture and soil type on seedling emergence and mortality of riparian plant species. Aquatic Botany. 136. 10.1016/j.aquabot.2016.09.008."
typha latifolia,Oostvaardersplassen,clay,very wet,15,25,12,85,"ter Heerdt, Gerard & Veen, Ciska & Putten, Wim & Bakker, Jan. (2016). Effects of temperature, moisture and soil type on seedling emergence and mortality of riparian plant species. Aquatic Botany. 136. 10.1016/j.aquabot.2016.09.008."
typha latifolia,Oostvaardersplassen,clay,very wet,15,25,14,85,"ter Heerdt, Gerard & Veen, Ciska & Putten, Wim & Bakker, Jan. (2016). Effects of temperature, moisture and soil type on seedling emergence and mortality of riparian plant species. Aquatic Botany. 136. 10.1016/j.aquabot.2016.09.008."
typha latifolia,Oostvaardersplassen,clay,very wet,15,25,18,85,"ter Heerdt, Gerard & Veen, Ciska & Putten, Wim & Bakker, Jan. (2016). Effects of temperature, moisture and soil type on seedling emergence and mortality of riparian plant species. Aquatic Botany. 136. 10.1016/j.aquabot.2016.09.008."
typha latifolia,Oostvaardersplassen,clay,very wet,15,25,21,85,"ter Heerdt, Gerard & Veen, Ciska & Putten, Wim & Bakker, Jan. (2016). Effects of temperature, moisture and soil type on seedling emergence and mortality of riparian plant species. Aquatic Botany. 136. 10.1016/j.aquabot.2016.09.008."
typha latifolia,Oostvaardersplassen,clay,very wet,15,25,25,85,"ter Heerdt, Gerard & Veen, Ciska & Putten, Wim & Bakker, Jan. (2016). Effects of temperature, moisture and soil type on seedling emergence and mortality of riparian plant species. Aquatic Botany. 136. 10.1016/j.aquabot.2016.09.008."
typha latifolia,Oostvaardersplassen,clay,very wet,15,25,35,85,"ter Heerdt, Gerard & Veen, Ciska & Putten, Wim & Bakker, Jan. (2016). Effects of temperature, moisture and soil type on seedling emergence and mortality of riparian plant species. Aquatic Botany. 136. 10.1016/j.aquabot.2016.09.008."
typha latifolia,Oostvaardersplassen,clay,very wet,20,30,0,0,"ter Heerdt, Gerard & Veen, Ciska & Putten, Wim & Bakker, Jan. (2016). Effects of temperature, moisture and soil type on seedling emergence and mortality of riparian plant species. Aquatic Botany. 136. 10.1016/j.aquabot.2016.09.008."
typha latifolia,Oostvaardersplassen,clay,very wet,20,30,4,55,"ter Heerdt, Gerard & Veen, Ciska & Putten, Wim & Bakker, Jan. (2016). Effects of temperature, moisture and soil type on seedling emergence and mortality of riparian plant species. Aquatic Botany. 136. 10.1016/j.aquabot.2016.09.008."
typha latifolia,Oostvaardersplassen,clay,very wet,20,30,5,68,"ter Heerdt, Gerard & Veen, Ciska & Putten, Wim & Bakker, Jan. (2016). Effects of temperature, moisture and soil type on seedling emergence and mortality of riparian plant species. Aquatic Botany. 136. 10.1016/j.aquabot.2016.09.008."
typha latifolia,Oostvaardersplassen,clay,very wet,20,30,7,85,"ter Heerdt, Gerard & Veen, Ciska & Putten, Wim & Bakker, Jan. (2016). Effects of temperature, moisture and soil type on seedling emergence and mortality of riparian plant species. Aquatic Botany. 136. 10.1016/j.aquabot.2016.09.008."
typha latifolia,Oostvaardersplassen,clay,very wet,20,30,8,86,"ter Heerdt, Gerard & Veen, Ciska & Putten, Wim & Bakker, Jan. (2016). Effects of temperature, moisture and soil type on seedling emergence and mortality of riparian plant species. Aquatic Botany. 136. 10.1016/j.aquabot.2016.09.008."
typha latifolia,Oostvaardersplassen,clay,very wet,20,30,12,87,"ter Heerdt, Gerard & Veen, Ciska & Putten, Wim & Bakker, Jan. (2016). Effects of temperature, moisture and soil type on seedling emergence and mortality of riparian plant species. Aquatic Botany. 136. 10.1016/j.aquabot.2016.09.008."
typha latifolia,Oostvaardersplassen,clay,very wet,20,30,14,87,"ter Heerdt, Gerard & Veen, Ciska & Putten, Wim & Bakker, Jan. (2016). Effects of temperature, moisture and soil type on seedling emergence and mortality of riparian plant species. Aquatic Botany. 136. 10.1016/j.aquabot.2016.09.008."
typha latifolia,Oostvaardersplassen,clay,very wet,20,30,18,87,"ter Heerdt, Gerard & Veen, Ciska & Putten, Wim & Bakker, Jan. (2016). Effects of temperature, moisture and soil type on seedling emergence and mortality of riparian plant species. Aquatic Botany. 136. 10.1016/j.aquabot.2016.09.008."
typha latifolia,Oostvaardersplassen,clay,very wet,20,30,21,87,"ter Heerdt, Gerard & Veen, Ciska & Putten, Wim & Bakker, Jan. (2016). Effects of temperature, moisture and soil type on seedling emergence and mortality of riparian plant species. Aquatic Botany. 136. 10.1016/j.aquabot.2016.09.008."
typha latifolia,Oostvaardersplassen,clay,very wet,20,30,25,87,"ter Heerdt, Gerard & Veen, Ciska & Putten, Wim & Bakker, Jan. (2016). Effects of temperature, moisture and soil type on seedling emergence and mortality of riparian plant species. Aquatic Botany. 136. 10.1016/j.aquabot.2016.09.008."
typha latifolia,Oostvaardersplassen,clay,very wet,20,30,35,87,"ter Heerdt, Gerard & Veen, Ciska & Putten, Wim & Bakker, Jan. (2016). Effects of temperature, moisture and soil type on seedling emergence and mortality of riparian plant species. Aquatic Botany. 136. 10.1016/j.aquabot.2016.09.008."
,,,,,,,,
,,,,,,,,
,,,,added in very wet,,,,
,,,,is this an expanded part 1?,,,,
